{
    "accuracy": 0.9915270744059214,
    "classification_report": {
        "0": {
            "precision": 0.9466553767993227,
            "recall": 0.9850220264317181,
            "f1-score": 0.9654576856649395,
            "support": 1135.0
        },
        "1": {
            "precision": 0.9985911083281153,
            "recall": 1.0,
            "f1-score": 0.9992950575702985,
            "support": 6379.0
        },
        "2": {
            "precision": 0.9898921832884097,
            "recall": 0.9563802083333334,
            "f1-score": 0.9728476821192052,
            "support": 1536.0
        },
        "3": {
            "precision": 1.0,
            "recall": 0.9975369458128078,
            "f1-score": 0.998766954377312,
            "support": 1218.0
        },
        "accuracy": 0.9915270744059214,
        "macro avg": {
            "precision": 0.9837846671039618,
            "recall": 0.9847347951444648,
            "f1-score": 0.9840918449329389,
            "support": 10268.0
        },
        "weighted avg": {
            "precision": 0.9917161011125123,
            "recall": 0.9915270744059214,
            "f1-score": 0.991535823494089,
            "support": 10268.0
        }
    }
}